name,category,sub_category,description,base_price
Sagwan Bed 6 ft Ă—7 ft Storage,Furniture,Bed,"Head Board & Foot Board,2 Inch,Sagwan / Sheesham,Sal Wood,16 Inch,Sagwan / Sheesham,Commercial Ply,18mm / 12mm,Hand Polished,Wooden Bed",67500
Sagwan Bed 6 ft Ă—7 ft Without Storage,Furniture,Bed,"Head Board & Foot Board,2 Inch,Sagwan / Sheesham,Sal Wood,5 Inch,Sagwan / Sheesham,Commercial Ply,18mm,Hand Polished,Wooden Bed",52500
Sagwan Bed 5 ft Ă—7 ft Storage,Furniture,Bed,"Head Board & Foot Board,2 Inch,Sagwan / Sheesham,Sal Wood,16 Inch,Sagwan / Sheesham,Commercial Ply,18mm / 12mm,Hand Polished,Wooden Bed",64500
Sagwan Bed 5 ft Ă—7 ft Without Storage,Furniture,Bed,"Head Board & Foot Board,2 Inch,Sagwan / Sheesham,Sal Wood,5 Inch,Sagwan / Sheesham,Commercial Ply,18mm,Hand Polished,Wooden Bed",49500
Sonajhuri Bed 6 ft Ă—7 ft Storage,Furniture,Bed,"Head Board & Foot Board,2 Inch,Sonajhuri / Mahogany,Sal Wood,16 Inch,Sonajhuri / Mahogany,Commercial Ply,18mm / 12mm,Hand Polished,Wooden Bed",46500
Sonajhuri Bed 6 ft Ă—7 ft Without Storage,Furniture,Bed,"Head Board & Foot Board,2 Inch,Sonajhuri / Mahogany,Sal Wood,5 Inch,Sonajhuri / Mahogany,Commercial Ply,18mm,Hand Polished,Wooden Bed",34500
Sonajhuri Bed 5 ft Ă—7 ft Storage,Furniture,Bed,"Head Board & Foot Board,2 Inch,Sonajhuri / Mahogany,Sal Wood,16 Inch,Sonajhuri / Mahogany,Commercial Ply,18mm / 12mm,Hand Polished,Wooden Bed",42000
Sonajhuri Bed 5 ft Ă—7 ft Without Storage,Furniture,Bed,"Head Board & Foot Board,2 Inch,Sonajhuri / Mahogany,Sal Wood,5 Inch,Sonajhuri / Mahogany,Commercial Ply,18mm,Hand Polished,Wooden Bed",30000
PlyBoard & Laminates Bed 6 ft Ă—7 ft Storage,Furniture,Bed,"Head Board & Foot Board,2 Inch,Plyboard & Laminates,Sal Wood,16 Inch,Plyboard & Laminates,Commercial Ply,18mm / 12mm,Hand Polished,Wooden Bed",27000
PlyBoard & Laminates Bed 6 ft Ă—7 ft Without Storage,Furniture,Bed,"Head Board & Foot Board,2 Inch,Plyboard & Laminates,Sal Wood,5 Inch,Plyboard & Laminates,Commercial Ply,18mm,Hand Polished,Wooden Bed",18000
PlyBoard & Laminates Bed 5 ft Ă—7 ft Storage,Furniture,Bed,"Head Board & Foot Board,2 Inch,Plyboard & Laminates,Sal Wood,16 Inch,Plyboard & Laminates,Commercial Ply,18mm / 12mm,Hand Polished,Wooden Bed",24000
PlyBoard & Laminates Bed 5 ft Ă—7 ft Without Storage,Furniture,Bed,"Head Board & Foot Board,2 Inch,Plyboard & Laminates,Sal Wood,5 Inch,Plyboard & Laminates,Commercial Ply,18mm,Hand Polished,Wooden Bed",15000
MDF Bed 6 ft Ă—7 ft Storage,Furniture,Bed,"Head Board & Foot Board,18mm,MDF,Iron,16 Inch,MDF,MDF,18mm / 12mm,Hand Polished,MDF Bed",36000
MDF Bed 6 ft Ă—7 ft Without Storage,Furniture,Bed,"Head Board & Foot Board,18mm,MDF,Iron,5 Inch,MDF,MDF,18mm,Hand Polished,MDF Bed",25500
MDF Bed 5 ft Ă—7 ft Storage,Furniture,Bed,"Head Board & Foot Board,18mm,MDF,Iron,16 Inch,MDF,MDF,18mm / 12mm,Hand Polished,MDF Bed",33000
MDF Bed 5 ft Ă—7 ft Without Storage,Furniture,Bed,"Head Board & Foot Board,18mm,MDF,Iron,5 Inch,MDF,MDF,18mm,Hand Polished,MDF Bed",22500
Particle Board Bed 6 ft Ă—7 ft Storage,Furniture,Bed,"Head Board & Foot Board,18mm,Particle Board,Iron,16 Inch,Particle Board,Particle Board,18mm,,Particle Board Bed",22500
Particle Board Bed 6 ft Ă—7 ft Without Storage,Furniture,Bed,"Head Board & Foot Board,18mm,Particle Board,Iron,5 Inch,Particle Board,Particle Board,18mm,,Particle Board Bed",15000
Particle Board Bed 5 ft Ă—7 ft Storage,Furniture,Bed,"Head Board & Foot Board,18mm,Particle Board,Iron,16 Inch,Particle Board,Particle Board,18mm,,Particle Board Bed",19500
Particle Board Bed 5 ft Ă—7 ft Without Storage,Furniture,Bed,"Head Board & Foot Board,18mm,Particle Board,Iron,5 Inch,Particle Board,Particle Board,18mm,,Particle Board Bed",12000
Stainless Steel Bed 6 ft Ă—7 ft Storage,Furniture,Bed,"Head Board & Foot Board,2 Inch,Stainless Steel & Particle Board,Stainless Steel,16 Inch,Stainless Steel & Board,Particle Board,18mm,,Hybrid Steel Bed",22500
Stainless Steel Bed 6 ft Ă—7 ft Without Storage,Furniture,Bed,"Head Board & Foot Board,2 Inch,Stainless Steel & Particle Board,Stainless Steel,5 Inch,Stainless Steel,Commercial Ply,16mm,,Steel Bed",13500
Stainless Steel Bed 5 ft Ă—7 ft Storage,Furniture,Bed,"Head Board & Foot Board,2 Inch,Stainless Steel & Particle Board,Stainless Steel,16 Inch,Stainless Steel & Board,Particle Board,18mm,,Hybrid Steel Bed",21000
Stainless Steel Bed 5 ft Ă—7 ft Without Storage,Furniture,Bed,"Head Board & Foot Board,2 Inch,Stainless Steel & Particle Board,Stainless Steel,5 Inch,Stainless Steel,Commercial Ply,16mm,,Steel Bed",12000
Stainless Steel Bed 3ftx6ft Foldable With Foam,Furniture,Bed,"1? SS Pipe Folding Bed | Ply/MDF& 2""Foam Base | Size: 3×6 ft ",4500
Stainless Steel Bed 3.5ftx6ft Foldable With Foam,Furniture,Bed,"1? SS Pipe Folding Bed | Ply/MDF& 2""Foam Base | Size: 3.5ft×6 ft ",6000
Stainless Steel Bed 3ftx6ft Foldable,Furniture,Bed,1? SS Pipe Folding Bed | Ply/MDF | Size: 3×6 ft ,3000
Stainless Steel Bed 3.5ftx6ft Foldable,Furniture,Bed,1? SS Pipe Folding Bed | Ply/MDF& | Size: 3.5ft×6 ft ,4500
SagwanÂ  Bedside Tool 2ftx1.5ftx1.5 ft,Furniture,Bedside Tool,,10500
MDF Bedside Tool 2ftx1.5ftx1.5 ft,Furniture,Bedside Tool,,7500
PlyBoard & Laminates Bedside Tool 2ftx1.5ftx1.5 ft,Furniture,Bedside Tool,,6000
Particle Board Bedside Tool 2ftx1.5ftx1.5 ft,Furniture,Bedside Tool,,3000
"Foam Mattress 78x72x4""",Furniture,Mattress,,3000
"Foam Mattress 78x72x6""",Furniture,Mattress,,6000
"Foam Mattress 78x60x4""",Furniture,Mattress,,2250
"Foam Mattress 78x60x6""",Furniture,Mattress,,5250
"L&S Mattress 78x72x4"" Bondaid",Furniture,Mattress,,12000
"L&S Mattress 78x72x6"" Bondaid",Furniture,Mattress,,15000
"L&S Mattress 78x60x4"" Bondaid",Furniture,Mattress,,10500
"L&S Mattress 78x60x6"" Bondaid",Furniture,Mattress,,13500
Sheet Wardrobe 2 Palla Heat Chamber Powder Coated,Furniture,Wardrobe,,13500
Sheet Wardrobe 3 Palla Heat Chamber Powder Coated,Furniture,Wardrobe,,22500
Sheet Wardrobe 2 Palla Printed,Furniture,Wardrobe,,16500
Sheet Wardrobe 3 Palla Printed,Furniture,Wardrobe,,27000
MDF Wardrobe 2 Palla,Furniture,Wardrobe,,16500
MDF Wardrobe 3 Palla,Furniture,Wardrobe,,25500
Particle Board Wardrobe 2 Palla,Furniture,Wardrobe,,10500
Particle Board Wardrobe 3 Palla,Furniture,Wardrobe,,16500
Fibre Wardrobe 2 Palla,Furniture,Wardrobe,,13500
Fibre Wardrobe 2 Palla,Furniture,Wardrobe,,7500
Sagwan Dressing Table 1.5ftx6ft,Furniture,Dressing Table,,12000
Sagwan Dressing Table 2 ftx6ft,Furniture,Dressing Table,,15000
Sagwan Dressing Table 2.5ftx6ft,Furniture,Dressing Table,,21000
MDF Dressing Table 1.5ftx6ft,Furniture,Dressing Table,,9000
MDF Dressing Table 2 ftx6ft,Furniture,Dressing Table,,12000
MDF Dressing Table 2.5ftx6ft,Furniture,Dressing Table,,18000
PlyBoard & Laminates Dressing Table 1.5ftx6ft,Furniture,Dressing Table,,7500
PlyBoard & Laminates Dressing Table 2 ftx6ft,Furniture,Dressing Table,,10500
PlyBoard & Laminates Dressing Table 2.5ftx6ft,Furniture,Dressing Table,,16500
Particle Board Dressing Table 1.5ftx6ft,Furniture,Dressing Table,,3750
Particle Board Dressing Table 2 ftx6ft,Furniture,Dressing Table,,4500
Particle Board Dressing Table 2.5ftx6ft,Furniture,Dressing Table,,7500
Sagwan Sofa 3 Seater,Furniture,Sofa,,19500
Sagwan Sofa 2 Seater,Furniture,Sofa,,16500
Sagwan Sofa 1 Seater,Furniture,Sofa,,10500
PlyBoard&Foam Sofa 3 Seater,Furniture,Sofa,,10500
PlyBoard&Foam Sofa 2 Seater,Furniture,Sofa,,9000
PlyBoard&Foam Sofa 1 Seater,Furniture,Sofa,,4500
Steel Sofa 3 Seater,Furniture,Sofa,,6000
Steel Sofa 2 Seater,Furniture,Sofa,,4500
Steel Sofa 1 Seater,Furniture,Sofa,,2250
Sagwan Sofa Cum Bed 5ftx6ft Storage,Furniture,Sofa Cum Bed,,52500
PlyBoard&Foam Sofa Cum Bed 5ftx6ft Storage,Furniture,Sofa Cum Bed,,31500
Steel Sofa Cum Bed 5ftx6ft Storage,Furniture,Sofa Cum Bed,,22500
Sagwan Center Table 2.5ftx1.5 ft,Furniture,Center Table,,6000
Sagwan Center Table 3ftx2 ft,Furniture,Center Table,,9000
Particle Board Center Table 2.5ftx1.5 ft,Furniture,Center Table,,2250
Particle Board Center Table 3ftx2 ft,Furniture,Center Table,,3750
MDF Center Table 2.5ftx1.5 ft,Furniture,Center Table,,4500
MDF Center Table 3ftx2 ft,Furniture,Center Table,,7500
Stainless Steel Center Table 2.5ftx1.5 ft,Furniture,Center Table,,3000
Stainless Steel Center Table 3ftx2 ft,Furniture,Center Table,,6000
Fibre Center Table 2.5ftx1.5 ft,Furniture,Center Table,,1200
Fibre Center Table 3ftx2 ft,Furniture,Center Table,,1800
Sagwan Dinning Table 4 Seater,Furniture,Dinning Table,,33000
Sagwan Dinning Table 6 Seater,Furniture,Dinning Table,,42000
Sonajhuri Dinning Table 4 Seater,Furniture,Dinning Table,,18000
Sonajhuri Dinning Table 6 Seater,Furniture,Dinning Table,,27000
PlyBoard & Laminates Dinning Table 4 Seater,Furniture,Dinning Table,,12000
PlyBoard & Laminates Dinning Table 6 Seater,Furniture,Dinning Table,,21000
Stainless Steel Dinning Table 4 Seater,Furniture,Dinning Table,,10500
Stainless Steel Dinning Table 6 Seater,Furniture,Dinning Table,,18000
Fibre Dinning Table 4 Seater,Furniture,Dinning Table,,9000
Sagwan Office Table 3ftx2 ft,Furniture,Office Table,,18000
Sagwan Office Table 4ftx2ft,Furniture,Office Table,,21000
PlyBoard & Laminates Office Table 3ftx2 ft,Furniture,Office Table,,10500
PlyBoard & Laminates Office Table 4ftx2ft,Furniture,Office Table,,12000
MDF Office Table 3ftx2 ft,Furniture,Office Table,,13500
MDF Office Table 4ftx2ft,Furniture,Office Table,,15000
Particle Board Office Table 3ftx2 ft,Furniture,Office Table,,4500
Particle Board Office Table 4ftx2ft,Furniture,Office Table,,6000
Sagwan Alna Storage,Furniture,Alna,,18000
PlyBoard & Laminates Alna Storage,Furniture,Alna,,12000
MDF Alna Storage,Furniture,Alna,,13500
Stainless Steel Alna Without Storage,Furniture,Alna,,2250
Sheet Alna Storage,Furniture,Alna,,10500
Sheet Alna Without Storage,Furniture,Alna,,4500
Particle Board Alna Storage,Furniture,Alna,,7500
Particle Board & Stainless Steel Alna Storage,Furniture,Alna,,4500
Sagwan Showcase 6ftx4ft,Furniture,Showcase,,40500
PlyBoard & Laminates Showcase 6ftx4ft,Furniture,Showcase,,25500
MDF Showcase 6ftx4ft,Furniture,Showcase,,30000
Particle Board Showcase 6ftx4ft,Furniture,Showcase,,16500
Sheet Showcase 6ftx4ft,Furniture,Showcase,,25500
Sagwan Chair,Furniture,Chair,,10500
Sonajhuri Chair,Furniture,Chair,,6000
Ergonomic Chair,Furniture,Chair,,7500
Stainless Steel Chair,Furniture,Chair,,4500
Fibre Chair,Furniture,Chair,,1500
Fibre & Foam Chair,Furniture,Chair,,3000
Sagwan Easy Chair,Furniture,Easy Chair,,15000
Sagwan Cabinet 6ftx3ftx1.5ft,Furniture,Cabinet,,27000
MDF Cabinet 6ftx3ftx1.5ft,Furniture,Cabinet,,21000
Particle Board Cabinet 6ftx3ftx1.5ft,Furniture,Cabinet,,10500
Sagwan Cabinet 4ftx2.5ftx16inch,Furniture,Cabinet,,13500
MDF Cabinet 4ftx2.5ftx16inch,Furniture,Cabinet,,10500
Particle Board Cabinet 4ftx2.5ftx16inch,Furniture,Cabinet,,6000
Sagwan Cabinet 3ftx2ftx12inch,Furniture,Cabinet,,12000
MDF Cabinet 3ftx2ftx12inch,Furniture,Cabinet,,9000
Particle Board Cabinet 3ftx2ftx12inch,Furniture,Cabinet,,4500
Sheet Cabinet 6ftx3ftx1.5ft,Furniture,Cabinet,,15000
Sheet Cabinet 4ftx2.5ftx16inch,Furniture,Cabinet,,7500
Fibre Cabinet 4ftx2.5ftx16inch,Furniture,Cabinet,,7500
Sagwan Cabinet 3ftx2ftx12inch,Furniture,Cabinet,,13500
MDF Cabinet 3ftx2ftx12inch,Furniture,Cabinet,,10500
Sheet Cabinet 3ftx2ftx12inch,Furniture,Cabinet,,9000
Stainless Steel Cabinet 3ftx2ftx12inch,Furniture,Cabinet,,13500
Sagwan Cabinet 1.5ftx3ftx18inch,Furniture,Cabinet,,18000
PlyBoard & Laminates Cabinet 1.5ftx3ftx18inch,Furniture,Cabinet,,12000
MDF Cabinet 1.5ftx3ftx18inch,Furniture,Cabinet,,13500
Particle Board Cabinet 1.5ftx3ftx18inch,Furniture,Cabinet,,6000
Sagwan TV Unit 1.5x3ftx12inch,Furniture,TV Unit,,15000
MDF TV Unit 1.5x3ftx12inch,Furniture,TV Unit,,10500
Particle Board TV Unit 1.5x3ftx12inch,Furniture,TV Unit,,4500
Godrej 223 Ltr Refrigerator Double Door 3 Star,Home Appliances,Refrigerator,,31500
LG 246 Ltr Refrigerator Double Door 3 Star,Home Appliances,Refrigerator,,36000
Samsung 236 Ltr Refrigerator Double Door 3 Star,Home Appliances,Refrigerator,,34500
Whirlpool 235 Ltr Refrigerator Double Door 3 Star,Home Appliances,Refrigerator,,33000
Godrej 183 Ltr Refrigerator Single Door 3 Star,Home Appliances,Refrigerator,,16500
LG 185 Ltr Refrigerator Single Door 3 Star,Home Appliances,Refrigerator,,21000
Samsung 183 Ltr Refrigerator Single Door 3 Star,Home Appliances,Refrigerator,,19500
Whirlpool 184 Ltr Refrigerator Single Door 3 Star,Home Appliances,Refrigerator,,18000
Godrej 1 Ton Air Conditioner Split 3 Star,Home Appliances,Air Conditioner,,33000
LG 1 Ton Air Conditioner Split 3 Star,Home Appliances,Air Conditioner,,37500
Samsung 1 Ton Air Conditioner Split 3 Star,Home Appliances,Air Conditioner,,36000
Blue Star 1 Ton Air Conditioner Split 3 Star,Home Appliances,Air Conditioner,,39000
Godrej 1.5 Ton Air Conditioner Split 3 Star,Home Appliances,Air Conditioner,,42000
LG 1.5 Ton Air Conditioner Split 3 Star,Home Appliances,Air Conditioner,,48000
Samsung 1.5 Ton Air Conditioner Split 3 Star,Home Appliances,Air Conditioner,,49500
Blue Star 1.5 Ton Air Conditioner Split 3 Star,Home Appliances,Air Conditioner,,52500
Havells 95ltr Air Cooler (Desert),Home Appliances,Air Cooler,,12000
Bajaj 115ltr Air Cooler (Desert),Home Appliances,Air Cooler,,14250
Symphony 95ltr Air Cooler (Desert),Home Appliances,Air Cooler,,10500
"Samsung Television 32"" HD Ready Smart TV",Home Appliances,Television,,18750
"LG Television 32"" HD Ready Smart TV",Home Appliances,Television,,18000
"Sony Television 32"" HD Ready Smart TV",Home Appliances,Television,,30000
"MI Television 32"" HD Ready Smart TV",Home Appliances,Television,,15000
"Realme Television 32"" HD Ready Smart TV",Home Appliances,Television,,12750
"Samsung Television 43"" ULTRA HD(4K) TV",Home Appliances,Television,,33750
"LG Television 43"" ULTRA HD(4K) TV",Home Appliances,Television,,34500
"Sony Television 43"" ULTRA HD(4K) TV",Home Appliances,Television,,46500
"MI Television 43"" ULTRA HD(4K) TV",Home Appliances,Television,,30000
"Realme Television 43"" ULTRA HD(4K) TV",Home Appliances,Television,,27000
PHILIPS 80W,Home Appliances,Sound System,,7500
Sony SAD40M2,Home Appliances,Sound System,,15000
Edifier R1280,Home Appliances,Sound System,,16500
Ahuja BTA 660,Home Appliances,Sound System,,21000
Motorola AmphisoundX,Home Appliances,Sound System,,6000
Zebronics Juke Bar 200A,Home Appliances,Sound System,,4500
Orient 3 Ltr Water Geyser Instant,Home Appliances,Water Geyser,,3000
Hindware 3 Ltr Water Geyser Instant,Home Appliances,Water Geyser,,3000
BajajÂ  3 Ltr Water Geyser Instant,Home Appliances,Water Geyser,,3450
Havells 3 Ltr Water Geyser Instant,Home Appliances,Water Geyser,,4500
BajajÂ  10 Ltr Water Geyser Storage,Home Appliances,Water Geyser,,7500
V Guard 10 Ltr Water Geyser Storage,Home Appliances,Water Geyser,,9000
Havells 10 Ltr Water Geyser Storage,Home Appliances,Water Geyser,,9750
Orient 800 Watt Heater Quartz,Home Appliances,Heater,,2100
Havells 800 Watt Heater Quartz,Home Appliances,Heater,,2400
Crompton 800 Watt Heater Quartz,Home Appliances,Heater,,1500
Bajaj 2000 Watt Heater Blower,Home Appliances,Heater,,2550
Havells 2000 Watt Heater Blower,Home Appliances,Heater,,2700
Crompton 2000 Watt Heater Blower,Home Appliances,Heater,,2100
Kent 2000 Watt Induction Radiant,Home Appliances,Induction,,3750
Bajaj 2200 Watt Induction Radiant,Home Appliances,Induction,,4200
PigeonÂ  2100 Watt Induction Induction,Home Appliances,Induction,,3300
Bajaj 2200 Watt Induction Induction,Home Appliances,Induction,,4500
Realme 8 Kg Washing Machine Semi Automatic,Home Appliances,Washing Machine,,11550
Lg 8 Kg Washing Machine Semi Automatic,Home Appliances,Washing Machine,,16500
Whirlpool 8 Kg Washing Machine Semi Automatic,Home Appliances,Washing Machine,,15750
Godrej 8 Kg Washing Machine Semi Automatic,Home Appliances,Washing Machine,,15000
Samsung 7.5 Kg Washing Machine Semi Automatic,Home Appliances,Washing Machine,,17250
Samsung 8 Kg Washing Machine Fully Automatic,Home Appliances,Washing Machine,,24000
Godrej 7.5 Kg Washing Machine Fully Automatic,Home Appliances,Washing Machine,,21000
Lg 8 Kg Washing Machine Fully Automatic,Home Appliances,Washing Machine,,22500
Orient 1200 mm Fan Ceiling,Home Appliances,Fan,,3750
Crompton 1200 mm Fan Ceiling,Home Appliances,Fan,,3450
Bajaj 1200 mm Fan Ceiling,Home Appliances,Fan,,1650
Crompton 1200 mm Fan Ceiling,Home Appliances,Fan,,1800
Bajaj 400 mm Fan Wall,Home Appliances,Fan,,2100
Orient 400 mm Fan Wall,Home Appliances,Fan,,2250
Crompton 400 mm Fan Wall,Home Appliances,Fan,,2550
Havells 400 mm Fan Wall,Home Appliances,Fan,,2700
Bajaj Fan Pedestal,Home Appliances,Fan,,6000
Crompton Fan Pedestal,Home Appliances,Fan,,5700
Havells Fan Pedestal,Home Appliances,Fan,,6300
RR Fan Pedestal,Home Appliances,Fan,,5400
Roxy Fan Pedestal,Home Appliances,Fan,,4500
Roxy Fan Table,Home Appliances,Fan,,2250
Crompton Fan Table,Home Appliances,Fan,,3000
Havells Fan Table,Home Appliances,Fan,,3750
RR Fan Table,Home Appliances,Fan,,2700
Bajaj Fan Table,Home Appliances,Fan,,3300
"GM 6"" Fan Exhaust",Home Appliances,Fan,,1500
"GM 9"" Fan Exhaust",Home Appliances,Fan,,2250
"GM 12"" Fan Exhaust",Home Appliances,Fan,,3000
Genus 1000 Va Inviter Li ion Battery,Home Appliances,Inviter,,42000
Luminous 900 Va Inviter Li ion Battery,Home Appliances,Inviter,,45000
MarQ 18 Ltr OTG or Microwave Ovens OTG,Kitchen Appliances,OTG or Microwave Ovens,,3600
Bajaj 10 Ltr OTG or Microwave Ovens OTG,Kitchen Appliances,OTG or Microwave Ovens,,2850
MarQ 33 Ltr OTG or Microwave Ovens OTG,Kitchen Appliances,OTG or Microwave Ovens,,4650
Borosil 20 Ltr OTG or Microwave Ovens OTG,Kitchen Appliances,OTG or Microwave Ovens,,5700
Midea 20 Ltr OTG or Microwave Ovens Microwave Ovens,Kitchen Appliances,OTG or Microwave Ovens,,5700
Lg 20 Ltr OTG or Microwave Ovens Microwave Ovens,Kitchen Appliances,OTG or Microwave Ovens,,8250
Haier 20 Ltr OTG or Microwave Ovens Microwave Ovens,Kitchen Appliances,OTG or Microwave Ovens,,9000
Milton 1.2 Ltr Electric Kettle & Cooker Travel Kettle,Kitchen Appliances,Electric Kettle & Cooker,,1050
Milton 2 Ltr Electric Kettle & Cooker Travel Kettle,Kitchen Appliances,Electric Kettle & Cooker,,1350
Orient 1.5 Ltr Electric Kettle & Cooker Travel Kettle,Kitchen Appliances,Electric Kettle & Cooker,,1350
Bajaj 1.8 Ltr Electric Kettle & Cooker Rice Cooker Electric,Kitchen Appliances,Electric Kettle & Cooker,,3300
Pigeon 1.8 Ltr Electric Kettle & Cooker Rice Cooker Electric,Kitchen Appliances,Electric Kettle & Cooker,,3000
Kutchina Kitchen Chimney,Kitchen Appliances,Kitchen Chimney,,13500
Whirlpool Kitchen Chimney,Kitchen Appliances,Kitchen Chimney,,14250
Bajaj Mixer Grinder 500 W,Kitchen Appliances,Mixer Grinder,,2700
Kenstar Mixer Grinder 500 W,Kitchen Appliances,Mixer Grinder,,1800
Crompton Mixer Grinder 500 W,Kitchen Appliances,Mixer Grinder,,2550
Bajaj Mixer Grinder 750W,Kitchen Appliances,Mixer Grinder,,3750
Pigeon Mixer Grinder 750W,Kitchen Appliances,Mixer Grinder,,2850
Crompton Mixer Grinder 750W,Kitchen Appliances,Mixer Grinder,,3300
Crompton Juicer 500 W,Kitchen Appliances,Juicer,,3300
V Guard Juicer 400 W,Kitchen Appliances,Juicer,,2550
Bajaj Juicer 500 W,Kitchen Appliances,Juicer,,3300
Laopala Small Dinner Set 10 Pc,Kitchen Appliances,Dinner Set,,1800
Laopala Medium Dinner Set 20 Pc,Kitchen Appliances,Dinner Set,,3300
Laopala Large Dinner Set 27 Pc,Kitchen Appliances,Dinner Set,,4800
Laopala Coffee Set Dinner Set Coffee Set,Kitchen Appliances,Dinner Set,,1500
Borosil Small Dinner Set 10 Pc,Kitchen Appliances,Dinner Set,,2100
Borosil Medium Dinner Set 20 Pc,Kitchen Appliances,Dinner Set,,3600
Borosil Large Dinner Set 27 Pc,Kitchen Appliances,Dinner Set,,5100
Borosil Coffee Set Dinner Set Coffee Set,Kitchen Appliances,Dinner Set,,1800
Kitchen Rack 39*36,Kitchen Appliances,Kitchen Rack,,1500
Kitchen Rack 36*30,Kitchen Appliances,Kitchen Rack,,2250
Kitchen Rack 30*30,Kitchen Appliances,Kitchen Rack,,3000
